{"cameraMode":{"drawMode":0,"name":"Shaded","section":"Shading Mode"},"sceneLighting":true,"audioPlay":false,"sceneViewState":{"showFog":true,"showMaterialUpdate":false,"showSkybox":true,"showFlares":true,"showImageEffects":true,"showParticleSystems":true},"in2DMode":false,"pivot":{"x":-29.374818801879884,"y":1.8114861249923707,"z":24.858436584472658},"rotation":{"x":-0.0049718827940523628,"y":-0.9936021566390991,"z":0.10201412439346314,"w":-0.04893776401877403},"size":1.0380191802978516,"orthographic":false}